id,name,abbreviation
1500,JumpJets_ClassI,JJ
1501,JumpJets_ClassII,JJ
1502,JumpJets_ClassIII,JJ
1503,JumpJets_ClassIV,JJ
1504,JumpJets_ClassV,JJ
1505,Wing_Medium,JJ
1506,Wing_Heavy,JJ
1507,ImprovedJumpJets_ClassIII,JJ
1508,ImprovedJumpJets_ClassII,JJ
1509,Wing_Light,JJ
1600,MASCMkI,MASC
1601,MASCMkII,MASC
1602,MASCMkIII,MASC
1603,MASCMkIV,MASC
1604,MASCMkV,MASC
1605,ClanMASCMkI,MASC
1606,ClanMASCMkII,MASC
1607,ClanMASCMkIII,MASC
1608,ClanMASCMkIV,MASC
1611,MASCMkIIIGauntletSuper,MASC
1612,ClanMASCMkIFireMoth,MASC
1609,ClanSuperchargerMKIII,SC
1610,MASCSuperchargerMKIII,SC
1613,SuperchargerMKIII,SC
9006,GuardianECM,ECM
9021,ClanECM,ECM
9002,BeagleProbe,BAP
9020,ClanActiveProbe,BAP
9022,ClanLightActiveProbe,BAP
1037,TAG,TAG
1084,LightTAG,TAG
1236,ClanTAG,TAG
1253,ClanLightTAG,TAG
1029,NarcBeacon,NARC
1235,ClanNarcBeacon,NARC
1014,AntiMissileSystem,AMS
1071,LaserAntiMissileSystem,AMS
1237,ClanAntiMissileSystem,AMS
1254,ClanLaserAntiMissileSystem,AMS
