id,name,weapons,range_multiplier
9012,CCC,TAG;ClanTAG;LightTAG;ClanLightTAG,1.2
9013,TargetingComputerMkI,SmallLaser;MediumLaser;LargeLaser;ClanERMicroLaser;ERSmallLaser;ClanERSmallLaser;ERMediumLaser;ClanERMediumLaser;ERLargeLaser;ClanERLargeLaser;ClanMicroPulseLaser;SmallPulseLaser;ClanSmallPulseLaser;MediumPulseLaser;ClanMediumPulseLaser;LargePulseLaser;ClanLargePulseLsr;ClanHeavySmallLaser;ClanHeavyMediumLaser;ClanHeavyLargeLsr;LargeXPulseLaser;SmallXPulseLaser;MediumXPulseLaser;BinaryLaserCannon;LargeXPulseLaser;SmallXPulseLaser;MediumXPulseLaser;BinaryLaserCannon;ClanBeamLaser,1.04
9014,TargetingComputerMkII,SmallLaser;MediumLaser;LargeLaser;ClanERMicroLaser;ERSmallLaser;ClanERSmallLaser;ERMediumLaser;ClanERMediumLaser;ERLargeLaser;ClanERLargeLaser;ClanMicroPulseLaser;SmallPulseLaser;ClanSmallPulseLaser;MediumPulseLaser;ClanMediumPulseLaser;LargePulseLaser;ClanLargePulseLsr;ClanHeavySmallLaser;ClanHeavyMediumLaser;ClanHeavyLargeLsr;LargeXPulseLaser;SmallXPulseLaser;MediumXPulseLaser;BinaryLaserCannon;LargeXPulseLaser;SmallXPulseLaser;MediumXPulseLaser;BinaryLaserCannon;ClanBeamLaser,1.05
9015,TargetingComputerMkIII,SmallLaser;MediumLaser;LargeLaser;ClanERMicroLaser;ERSmallLaser;ClanERSmallLaser;ERMediumLaser;ClanERMediumLaser;ERLargeLaser;ClanERLargeLaser;ClanMicroPulseLaser;SmallPulseLaser;ClanSmallPulseLaser;MediumPulseLaser;ClanMediumPulseLaser;LargePulseLaser;ClanLargePulseLsr;ClanHeavySmallLaser;ClanHeavyMediumLaser;ClanHeavyLargeLsr;LargeXPulseLaser;SmallXPulseLaser;MediumXPulseLaser;BinaryLaserCannon;LargeXPulseLaser;SmallXPulseLaser;MediumXPulseLaser;BinaryLaserCannon;ClanBeamLaser,1.06
9016,TargetingComputerMkIV,SmallLaser;MediumLaser;LargeLaser;ClanERMicroLaser;ERSmallLaser;ClanERSmallLaser;ERMediumLaser;ClanERMediumLaser;ERLargeLaser;ClanERLargeLaser;ClanMicroPulseLaser;SmallPulseLaser;ClanSmallPulseLaser;MediumPulseLaser;ClanMediumPulseLaser;LargePulseLaser;ClanLargePulseLsr;ClanHeavySmallLaser;ClanHeavyMediumLaser;ClanHeavyLargeLsr;LargeXPulseLaser;SmallXPulseLaser;MediumXPulseLaser;BinaryLaserCannon;LargeXPulseLaser;SmallXPulseLaser;MediumXPulseLaser;BinaryLaserCannon;ClanBeamLaser,1.07
9017,TargetingComputerMkV,SmallLaser;MediumLaser;LargeLaser;ClanERMicroLaser;ERSmallLaser;ClanERSmallLaser;ERMediumLaser;ClanERMediumLaser;ERLargeLaser;ClanERLargeLaser;ClanMicroPulseLaser;SmallPulseLaser;ClanSmallPulseLaser;MediumPulseLaser;ClanMediumPulseLaser;LargePulseLaser;ClanLargePulseLsr;ClanHeavySmallLaser;ClanHeavyMediumLaser;ClanHeavyLargeLsr;LargeXPulseLaser;SmallXPulseLaser;MediumXPulseLaser;BinaryLaserCannon;LargeXPulseLaser;SmallXPulseLaser;MediumXPulseLaser;BinaryLaserCannon;ClanBeamLaser,1.08
9018,TargetingComputerMkVI,SmallLaser;MediumLaser;LargeLaser;ClanERMicroLaser;ERSmallLaser;ClanERSmallLaser;ERMediumLaser;ClanERMediumLaser;ERLargeLaser;ClanERLargeLaser;ClanMicroPulseLaser;SmallPulseLaser;ClanSmallPulseLaser;MediumPulseLaser;ClanMediumPulseLaser;LargePulseLaser;ClanLargePulseLsr;ClanHeavySmallLaser;ClanHeavyMediumLaser;ClanHeavyLargeLsr;LargeXPulseLaser;SmallXPulseLaser;MediumXPulseLaser;BinaryLaserCannon;LargeXPulseLaser;SmallXPulseLaser;MediumXPulseLaser;BinaryLaserCannon;ClanBeamLaser,1.09
9019,TargetingComputerMkVII,SmallLaser;MediumLaser;LargeLaser;ClanERMicroLaser;ERSmallLaser;ClanERSmallLaser;ERMediumLaser;ClanERMediumLaser;ERLargeLaser;ClanERLargeLaser;ClanMicroPulseLaser;SmallPulseLaser;ClanSmallPulseLaser;MediumPulseLaser;ClanMediumPulseLaser;LargePulseLaser;ClanLargePulseLsr;ClanHeavySmallLaser;ClanHeavyMediumLaser;ClanHeavyLargeLsr;LargeXPulseLaser;SmallXPulseLaser;MediumXPulseLaser;BinaryLaserCannon;LargeXPulseLaser;SmallXPulseLaser;MediumXPulseLaser;BinaryLaserCannon;ClanBeamLaser,1.1
9023,ISTargetingComputerMkI,SmallLaser;MediumLaser;LargeLaser;ClanERMicroLaser;ERSmallLaser;ClanERSmallLaser;ERMediumLaser;ClanERMediumLaser;ERLargeLaser;ClanERLargeLaser;ClanMicroPulseLaser;SmallPulseLaser;ClanSmallPulseLaser;MediumPulseLaser;ClanMediumPulseLaser;LargePulseLaser;ClanLargePulseLsr;ClanHeavySmallLaser;ClanHeavyMediumLaser;ClanHeavyLargeLsr;LargeXPulseLaser;SmallXPulseLaser;MediumXPulseLaser;BinaryLaserCannon;LargeXPulseLaser;SmallXPulseLaser;MediumXPulseLaser;BinaryLaserCannon;ClanBeamLaser,1.04
9024,ISTargetingComputerMkII,SmallLaser;MediumLaser;LargeLaser;ClanERMicroLaser;ERSmallLaser;ClanERSmallLaser;ERMediumLaser;ClanERMediumLaser;ERLargeLaser;ClanERLargeLaser;ClanMicroPulseLaser;SmallPulseLaser;ClanSmallPulseLaser;MediumPulseLaser;ClanMediumPulseLaser;LargePulseLaser;ClanLargePulseLsr;ClanHeavySmallLaser;ClanHeavyMediumLaser;ClanHeavyLargeLsr;LargeXPulseLaser;SmallXPulseLaser;MediumXPulseLaser;BinaryLaserCannon;LargeXPulseLaser;SmallXPulseLaser;MediumXPulseLaser;BinaryLaserCannon;ClanBeamLaser,1.05
9025,ISTargetingComputerMkIII,SmallLaser;MediumLaser;LargeLaser;ClanERMicroLaser;ERSmallLaser;ClanERSmallLaser;ERMediumLaser;ClanERMediumLaser;ERLargeLaser;ClanERLargeLaser;ClanMicroPulseLaser;SmallPulseLaser;ClanSmallPulseLaser;MediumPulseLaser;ClanMediumPulseLaser;LargePulseLaser;ClanLargePulseLsr;ClanHeavySmallLaser;ClanHeavyMediumLaser;ClanHeavyLargeLsr;LargeXPulseLaser;SmallXPulseLaser;MediumXPulseLaser;BinaryLaserCannon;LargeXPulseLaser;SmallXPulseLaser;MediumXPulseLaser;BinaryLaserCannon;ClanBeamLaser,1.06
9026,ISTargetingComputerMkIV,SmallLaser;MediumLaser;LargeLaser;ClanERMicroLaser;ERSmallLaser;ClanERSmallLaser;ERMediumLaser;ClanERMediumLaser;ERLargeLaser;ClanERLargeLaser;ClanMicroPulseLaser;SmallPulseLaser;ClanSmallPulseLaser;MediumPulseLaser;ClanMediumPulseLaser;LargePulseLaser;ClanLargePulseLsr;ClanHeavySmallLaser;ClanHeavyMediumLaser;ClanHeavyLargeLsr;LargeXPulseLaser;SmallXPulseLaser;MediumXPulseLaser;BinaryLaserCannon;LargeXPulseLaser;SmallXPulseLaser;MediumXPulseLaser;BinaryLaserCannon;ClanBeamLaser,1.07
9027,ISTargetingComputerMkV,SmallLaser;MediumLaser;LargeLaser;ClanERMicroLaser;ERSmallLaser;ClanERSmallLaser;ERMediumLaser;ClanERMediumLaser;ERLargeLaser;ClanERLargeLaser;ClanMicroPulseLaser;SmallPulseLaser;ClanSmallPulseLaser;MediumPulseLaser;ClanMediumPulseLaser;LargePulseLaser;ClanLargePulseLsr;ClanHeavySmallLaser;ClanHeavyMediumLaser;ClanHeavyLargeLsr;LargeXPulseLaser;SmallXPulseLaser;MediumXPulseLaser;BinaryLaserCannon;LargeXPulseLaser;SmallXPulseLaser;MediumXPulseLaser;BinaryLaserCannon;ClanBeamLaser,1.08
9028,ISTargetingComputerMkVI,SmallLaser;MediumLaser;LargeLaser;ClanERMicroLaser;ERSmallLaser;ClanERSmallLaser;ERMediumLaser;ClanERMediumLaser;ERLargeLaser;ClanERLargeLaser;ClanMicroPulseLaser;SmallPulseLaser;ClanSmallPulseLaser;MediumPulseLaser;ClanMediumPulseLaser;LargePulseLaser;ClanLargePulseLsr;ClanHeavySmallLaser;ClanHeavyMediumLaser;ClanHeavyLargeLsr;LargeXPulseLaser;SmallXPulseLaser;MediumXPulseLaser;BinaryLaserCannon;LargeXPulseLaser;SmallXPulseLaser;MediumXPulseLaser;BinaryLaserCannon;ClanBeamLaser,1.09
9029,ISTargetingComputerMkVII,SmallLaser;MediumLaser;LargeLaser;ClanERMicroLaser;ERSmallLaser;ClanERSmallLaser;ERMediumLaser;ClanERMediumLaser;ERLargeLaser;ClanERLargeLaser;ClanMicroPulseLaser;SmallPulseLaser;ClanSmallPulseLaser;MediumPulseLaser;ClanMediumPulseLaser;LargePulseLaser;ClanLargePulseLsr;ClanHeavySmallLaser;ClanHeavyMediumLaser;ClanHeavyLargeLsr;LargeXPulseLaser;SmallXPulseLaser;MediumXPulseLaser;BinaryLaserCannon;LargeXPulseLaser;SmallXPulseLaser;MediumXPulseLaser;BinaryLaserCannon;ClanBeamLaser,1.1
9030,ISTargetingComputerMkVIII,SmallLaser;MediumLaser;LargeLaser;ClanERMicroLaser;ERSmallLaser;ClanERSmallLaser;ERMediumLaser;ClanERMediumLaser;ERLargeLaser;ClanERLargeLaser;ClanMicroPulseLaser;SmallPulseLaser;ClanSmallPulseLaser;MediumPulseLaser;ClanMediumPulseLaser;LargePulseLaser;ClanLargePulseLsr;ClanHeavySmallLaser;ClanHeavyMediumLaser;ClanHeavyLargeLsr;LargeXPulseLaser;SmallXPulseLaser;MediumXPulseLaser;BinaryLaserCannon;LargeXPulseLaser;SmallXPulseLaser;MediumXPulseLaser;BinaryLaserCannon;ClanBeamLaser,1.11
9031,BaneHeroComputer,SmallLaser;MediumLaser;LargeLaser;ClanERMicroLaser;ERSmallLaser;ClanERSmallLaser;ERMediumLaser;ClanERMediumLaser;ERLargeLaser;ClanERLargeLaser;ClanMicroPulseLaser;SmallPulseLaser;ClanSmallPulseLaser;MediumPulseLaser;ClanMediumPulseLaser;LargePulseLaser;ClanLargePulseLsr;ClanHeavySmallLaser;ClanHeavyMediumLaser;ClanHeavyLargeLsr;LargeXPulseLaser;SmallXPulseLaser;MediumXPulseLaser;BinaryLaserCannon;LargeXPulseLaser;SmallXPulseLaser;MediumXPulseLaser;BinaryLaserCannon;ClanBeamLaser,1.04
