id,name,type,rating
3210,Engine_Std_60,STD,60
3211,Engine_Std_65,STD,65
3212,Engine_Std_70,STD,70
3213,Engine_Std_75,STD,75
3214,Engine_Std_80,STD,80
3215,Engine_Std_85,STD,85
3216,Engine_Std_90,STD,90
3217,Engine_Std_95,STD,95
3218,Engine_Std_100,STD,100
3219,Engine_Std_105,STD,105
3220,Engine_Std_110,STD,110
3221,Engine_Std_115,STD,115
3222,Engine_Std_120,STD,120
3223,Engine_Std_125,STD,125
3224,Engine_Std_130,STD,130
3225,Engine_Std_135,STD,135
3226,Engine_Std_140,STD,140
3227,Engine_Std_145,STD,145
3228,Engine_Std_150,STD,150
3229,Engine_Std_155,STD,155
3230,Engine_Std_160,STD,160
3231,Engine_Std_165,STD,165
3232,Engine_Std_170,STD,170
3233,Engine_Std_175,STD,175
3234,Engine_Std_180,STD,180
3235,Engine_Std_185,STD,185
3236,Engine_Std_190,STD,190
3237,Engine_Std_195,STD,195
3238,Engine_Std_200,STD,200
3239,Engine_Std_205,STD,205
3240,Engine_Std_210,STD,210
3241,Engine_Std_215,STD,215
3242,Engine_Std_220,STD,220
3243,Engine_Std_225,STD,225
3244,Engine_Std_230,STD,230
3245,Engine_Std_235,STD,235
3246,Engine_Std_240,STD,240
3247,Engine_Std_245,STD,245
3248,Engine_Std_250,STD,250
3249,Engine_Std_255,STD,255
3250,Engine_Std_260,STD,260
3251,Engine_Std_265,STD,265
3252,Engine_Std_270,STD,270
3253,Engine_Std_275,STD,275
3254,Engine_Std_280,STD,280
3255,Engine_Std_285,STD,285
3256,Engine_Std_290,STD,290
3257,Engine_Std_295,STD,295
3258,Engine_Std_300,STD,300
3259,Engine_Std_305,STD,305
3260,Engine_Std_310,STD,310
3261,Engine_Std_315,STD,315
3262,Engine_Std_320,STD,320
3263,Engine_Std_325,STD,325
3264,Engine_Std_330,STD,330
3265,Engine_Std_335,STD,335
3266,Engine_Std_340,STD,340
3267,Engine_Std_345,STD,345
3268,Engine_Std_350,STD,350
3269,Engine_Std_355,STD,355
3270,Engine_Std_360,STD,360
3271,Engine_Std_365,STD,365
3272,Engine_Std_370,STD,370
3273,Engine_Std_375,STD,375
3274,Engine_Std_380,STD,380
3275,Engine_Std_385,STD,385
3276,Engine_Std_390,STD,390
3277,Engine_Std_395,STD,395
3278,Engine_Std_400,STD,400
3310,Engine_XL_60,XL,60
3311,Engine_XL_65,XL,65
3312,Engine_XL_70,XL,70
3313,Engine_XL_75,XL,75
3314,Engine_XL_80,XL,80
3315,Engine_XL_85,XL,85
3316,Engine_XL_90,XL,90
3317,Engine_XL_95,XL,95
3318,Engine_XL_100,XL,100
3319,Engine_XL_105,XL,105
3320,Engine_XL_110,XL,110
3321,Engine_XL_115,XL,115
3322,Engine_XL_120,XL,120
3323,Engine_XL_125,XL,125
3324,Engine_XL_130,XL,130
3325,Engine_XL_135,XL,135
3326,Engine_XL_140,XL,140
3327,Engine_XL_145,XL,145
3328,Engine_XL_150,XL,150
3329,Engine_XL_155,XL,155
3330,Engine_XL_160,XL,160
3331,Engine_XL_165,XL,165
3332,Engine_XL_170,XL,170
3333,Engine_XL_175,XL,175
3334,Engine_XL_180,XL,180
3335,Engine_XL_185,XL,185
3336,Engine_XL_190,XL,190
3337,Engine_XL_195,XL,195
3338,Engine_XL_200,XL,200
3339,Engine_XL_205,XL,205
3340,Engine_XL_210,XL,210
3341,Engine_XL_215,XL,215
3342,Engine_XL_220,XL,220
3343,Engine_XL_225,XL,225
3344,Engine_XL_230,XL,230
3345,Engine_XL_235,XL,235
3346,Engine_XL_240,XL,240
3347,Engine_XL_245,XL,245
3348,Engine_XL_250,XL,250
3349,Engine_XL_255,XL,255
3350,Engine_XL_260,XL,260
3351,Engine_XL_265,XL,265
3352,Engine_XL_270,XL,270
3353,Engine_XL_275,XL,275
3354,Engine_XL_280,XL,280
3355,Engine_XL_285,XL,285
3356,Engine_XL_290,XL,290
3357,Engine_XL_295,XL,295
3358,Engine_XL_300,XL,300
3359,Engine_XL_305,XL,305
3360,Engine_XL_310,XL,310
3361,Engine_XL_315,XL,315
3362,Engine_XL_320,XL,320
3363,Engine_XL_325,XL,325
3364,Engine_XL_330,XL,330
3365,Engine_XL_335,XL,335
3366,Engine_XL_340,XL,340
3367,Engine_XL_345,XL,345
3368,Engine_XL_350,XL,350
3369,Engine_XL_355,XL,355
3370,Engine_XL_360,XL,360
3371,Engine_XL_365,XL,365
3372,Engine_XL_370,XL,370
3373,Engine_XL_375,XL,375
3374,Engine_XL_380,XL,380
3375,Engine_XL_385,XL,385
3376,Engine_XL_390,XL,390
3377,Engine_XL_395,XL,395
3378,Engine_XL_400,XL,400
3410,Engine_Clan_XL_60,CXL,60
3411,Engine_Clan_XL_65,CXL,65
3412,Engine_Clan_XL_70,CXL,70
3413,Engine_Clan_XL_75,CXL,75
3414,Engine_Clan_XL_80,CXL,80
3415,Engine_Clan_XL_85,CXL,85
3416,Engine_Clan_XL_90,CXL,90
3417,Engine_Clan_XL_95,CXL,95
3418,Engine_Clan_XL_100,CXL,100
3419,Engine_Clan_XL_105,CXL,105
3420,Engine_Clan_XL_110,CXL,110
3421,Engine_Clan_XL_115,CXL,115
3422,Engine_Clan_XL_120,CXL,120
3423,Engine_Clan_XL_125,CXL,125
3424,Engine_Clan_XL_130,CXL,130
3425,Engine_Clan_XL_135,CXL,135
3426,Engine_Clan_XL_140,CXL,140
3427,Engine_Clan_XL_145,CXL,145
3428,Engine_Clan_XL_150,CXL,150
3429,Engine_Clan_XL_155,CXL,155
3430,Engine_Clan_XL_160,CXL,160
3431,Engine_Clan_XL_165,CXL,165
3432,Engine_Clan_XL_170,CXL,170
3433,Engine_Clan_XL_175,CXL,175
3434,Engine_Clan_XL_180,CXL,180
3435,Engine_Clan_XL_185,CXL,185
3436,Engine_Clan_XL_190,CXL,190
3437,Engine_Clan_XL_195,CXL,195
3438,Engine_Clan_XL_200,CXL,200
3439,Engine_Clan_XL_205,CXL,205
3440,Engine_Clan_XL_210,CXL,210
3441,Engine_Clan_XL_215,CXL,215
3442,Engine_Clan_XL_220,CXL,220
3443,Engine_Clan_XL_225,CXL,225
3444,Engine_Clan_XL_230,CXL,230
3445,Engine_Clan_XL_235,CXL,235
3446,Engine_Clan_XL_240,CXL,240
3447,Engine_Clan_XL_245,CXL,245
3448,Engine_Clan_XL_250,CXL,250
3449,Engine_Clan_XL_255,CXL,255
3450,Engine_Clan_XL_260,CXL,260
3451,Engine_Clan_XL_265,CXL,265
3452,Engine_Clan_XL_270,CXL,270
3453,Engine_Clan_XL_275,CXL,275
3454,Engine_Clan_XL_280,CXL,280
3455,Engine_Clan_XL_285,CXL,285
3456,Engine_Clan_XL_290,CXL,290
3457,Engine_Clan_XL_295,CXL,295
3458,Engine_Clan_XL_300,CXL,300
3459,Engine_Clan_XL_305,CXL,305
3460,Engine_Clan_XL_310,CXL,310
3461,Engine_Clan_XL_315,CXL,315
3462,Engine_Clan_XL_320,CXL,320
3463,Engine_Clan_XL_325,CXL,325
3464,Engine_Clan_XL_330,CXL,330
3465,Engine_Clan_XL_335,CXL,335
3466,Engine_Clan_XL_340,CXL,340
3467,Engine_Clan_XL_345,CXL,345
3468,Engine_Clan_XL_350,CXL,350
3469,Engine_Clan_XL_355,CXL,355
3470,Engine_Clan_XL_360,CXL,360
3471,Engine_Clan_XL_365,CXL,365
3472,Engine_Clan_XL_370,CXL,370
3473,Engine_Clan_XL_375,CXL,375
3474,Engine_Clan_XL_380,CXL,380
3475,Engine_Clan_XL_385,CXL,385
3476,Engine_Clan_XL_390,CXL,390
3477,Engine_Clan_XL_395,CXL,395
3478,Engine_Clan_XL_400,CXL,400
3518,Engine_Light_100,LFE,100
3519,Engine_Light_105,LFE,105
3520,Engine_Light_110,LFE,110
3521,Engine_Light_115,LFE,115
3522,Engine_Light_120,LFE,120
3523,Engine_Light_125,LFE,125
3524,Engine_Light_130,LFE,130
3525,Engine_Light_135,LFE,135
3526,Engine_Light_140,LFE,140
3527,Engine_Light_145,LFE,145
3528,Engine_Light_150,LFE,150
3529,Engine_Light_155,LFE,155
3530,Engine_Light_160,LFE,160
3531,Engine_Light_165,LFE,165
3532,Engine_Light_170,LFE,170
3533,Engine_Light_175,LFE,175
3534,Engine_Light_180,LFE,180
3535,Engine_Light_185,LFE,185
3536,Engine_Light_190,LFE,190
3537,Engine_Light_195,LFE,195
3538,Engine_Light_200,LFE,200
3539,Engine_Light_205,LFE,205
3540,Engine_Light_210,LFE,210
3541,Engine_Light_215,LFE,215
3542,Engine_Light_220,LFE,220
3543,Engine_Light_225,LFE,225
3544,Engine_Light_230,LFE,230
3545,Engine_Light_235,LFE,235
3546,Engine_Light_240,LFE,240
3547,Engine_Light_245,LFE,245
3548,Engine_Light_250,LFE,250
3549,Engine_Light_255,LFE,255
3550,Engine_Light_260,LFE,260
3551,Engine_Light_265,LFE,265
3552,Engine_Light_270,LFE,270
3553,Engine_Light_275,LFE,275
3554,Engine_Light_280,LFE,280
3555,Engine_Light_285,LFE,285
3556,Engine_Light_290,LFE,290
3557,Engine_Light_295,LFE,295
3558,Engine_Light_300,LFE,300
3559,Engine_Light_305,LFE,305
3560,Engine_Light_310,LFE,310
3561,Engine_Light_315,LFE,315
3562,Engine_Light_320,LFE,320
3563,Engine_Light_325,LFE,325
3564,Engine_Light_330,LFE,330
3565,Engine_Light_335,LFE,335
3566,Engine_Light_340,LFE,340
3567,Engine_Light_345,LFE,345
3568,Engine_Light_350,LFE,350
3569,Engine_Light_355,LFE,355
3570,Engine_Light_360,LFE,360
3571,Engine_Light_365,LFE,365
3572,Engine_Light_370,LFE,370
3573,Engine_Light_375,LFE,375
3574,Engine_Light_380,LFE,380
3575,Engine_Light_385,LFE,385
3576,Engine_Light_390,LFE,390
3577,Engine_Light_395,LFE,395
3578,Engine_Light_400,LFE,400
