id,name,optimal_range,max_range,aliases
1000,AutoCannon20,300,600,ballistic;largeweapon;autocannon;ac;autocannon20;isautocannon;isac;isautocannon20
1001,MediumLaser,270,540,energy;laser;stdlaser;mediumlaser;islaser;isstdlaser;ismediumlaserfamily;ismediumlaser;nonpulselaser;isnonpulselaser
1002,LRM20,900,900,missile;missile20;lrm;lrm20;islrm20
1003,SmallLaser,160,320,energy;laser;stdlaser;smalllaser;islaser;isstdlaser;issmalllaserfamily;issmalllaser;nonpulselaser;isnonpulselaser
1004,SRM4,270,270,missile;missile4;srm;srm4;issrm;issrm4
1005,ERLargeLaser,700,1400,energy;laser;largelaser;erlaser;erlargelaser;islaser;islargelaserfamily;iserlaser;iserlargelaser;nonpulselaser;isnonpulselaser
1006,ERPPC,810,1620,energy;largeweapon;ppc;erppc;isppc;iserppc;ppcfamily
1007,Flamer,90,90,energy;flamer;isflamer
1008,LargeLaser,480,960,energy;laser;stdlaser;largelaser;islaser;isstdlaser;islargelaserfamily;islargelaser;nonpulselaser;isnonpulselaser
1009,PPC,540,1080,energy;largeweapon;ppc;isppc;isstandardppc;ppcfamily
1010,LargePulseLaser,400,800,energy;laser;largelaser;pulselaser;largepulselaser;islaser;islargelaserfamily;ispulselaser;islargepulselaser
1011,MediumPulseLaser,240,480,energy;laser;mediumlaser;pulselaser;mediumpulselaser;islaser;ismediumlaserfamily;ispulselaser;ismediumpulselaser
1012,SmallPulseLaser,135,270,energy;laser;smalllaser;pulselaser;smallpulselaser;islaser;issmalllaserfamily;ispulselaser;issmallpulselaser
1014,AntiMissileSystem,190,275,antimissilesystem;isantimissilesystem
1018,AutoCannon2,810,1620,ballistic;largeweapon;autocannon;ac;autocannon2;isautocannon;isac;isautocannon2
1019,AutoCannon5,620,1240,ballistic;largeweapon;autocannon;ac;autocannon5;isautocannon;isac;isautocannon5
1020,AutoCannon10,540,1080,ballistic;largeweapon;autocannon;ac;autocannon10;isautocannon;isac;isautocannon10
1021,GaussRifle,810,2050,ballistic;largeweapon;gaussrifle;isgaussrifle
1023,LBXAutoCannon10,540,1620,ballistic;largeweapon;lbxautocannon;lbxautocannon10;islbxautocannon;islbxautocannon10
1024,MachineGun,130,260,ballistic;machinegun;ismachinegun
1025,UltraAutoCannon5,600,1200,ballistic;largeweapon;ultraautocannon;ultraautocannon5;isultraautocannon;isultraautocannon5
1026,LRM5,900,900,missile;missile5;lrm;lrm5;islrm5
1027,LRM10,900,900,missile;missile10;lrm;lrm10;islrm10
1028,LRM15,900,900,missile;missile15;lrm;lrm15;islrm15
1029,NarcBeacon,600,600,missile;missile1;narcbeacon;isnarcbeacon
1030,SRM2,270,270,missile;missile2;srm;srm2;issrm;issrm2
1031,SRM6,270,270,missile;missile6;srm;srm6;issrm;issrm6
1032,StreakSRM2,270,270,missile;missile2;streaksrm;streaksrm2;isstreaksrm;isstreaksrm2
1037,TAG,750,750,energy;laser;tag;islaser;istag
1038,SRM2_Artemis,270,270,missile;missile2;srm;srm2;srm_artemis;srm2_artemis;issrm;issrm2;issrm_artemis;issrm2_artemis
1039,SRM4_Artemis,270,270,missile;missile4;srm;srm4;srm_artemis;srm4_artemis;issrm;issrm4;issrm_artemis;issrm4_artemis
1040,SRM6_Artemis,270,270,missile;missile6;srm;srm6;srm_artemis;srm6_artemis;issrm;issrm6;issrm_artemis;issrm6_artemis
1041,LRM5_Artemis,900,900,missile;missile5;lrm;lrm5;lrm_artemis;lrm5_artemis;islrm5;islrm_artemis;islrm5_artemis
1042,LRM10_Artemis,900,900,missile;missile10;lrm;lrm10;lrm_artemis;lrm10_artemis;islrm10;islrm_artemis;islrm10_artemis
1043,LRM15_Artemis,900,900,missile;missile15;lrm;lrm15;lrm_artemis;lrm15_artemis;islrm15;islrm_artemis;islrm15_artemis
1044,LRM20_Artemis,900,900,missile;missile20;lrm;lrm20;lrm_artemis;lrm20_artemis;islrm20;islrm_artemis;islrm20_artemis
1045,ERSmallLaser,200,400,energy;laser;erlaser;smalllaser;islaser;iserlaser;issmalllaserfamily;issmalllaser;isersmalllaser;nonpulselaser;isnonpulselaser
1046,ERMediumLaser,360,720,energy;laser;erlaser;mediumlaser;islaser;iserlaser;ismediumlaserfamily;ismediumlaser;isermediumlaser;nonpulselaser;isnonpulselaser
1047,LightPPC,540,1080,energy;largeweapon;lightppc;isppc;islightppc;ppcfamily
1048,HeavyPPC,540,1080,energy;largeweapon;heavyppc;isppc;isheavyppc;ppcfamily;solarisrestricted
1049,SnubNosePPC,270,540,energy;largeweapon;snubnoseppc;isppc;issnubnoseppc;ppcfamily
1050,LBXAutoCannon2,810,2025,ballistic;largeweapon;lbxautocannon;lbxautocannon2;islbxautocannon;islbxautocannon2
1051,LBXAutoCannon5,700,1550,ballistic;largeweapon;lbxautocannon;lbxautocannon5;islbxautocannon;islbxautocannon5
1052,LBXAutoCannon20,360,1080,ballistic;largeweapon;lbxautocannon;lbxautocannon20;islbxautocannon;islbxautocannon20
1053,UltraAutoCannon2,700,1400,ballistic;largeweapon;ultraautocannon;ultraautocannon2;isultraautocannon;isultraautocannon2
1054,UltraAutoCannon10,450,900,ballistic;largeweapon;ultraautocannon;ultraautocannon10;isultraautocannon;isultraautocannon10
1055,UltraAutoCannon20,300,600,ballistic;largeweapon;ultraautocannon;ultraautocannon20;isultraautocannon;isultraautocannon20
1056,LightGaussRifle,810,2050,ballistic;largeweapon;isgaussrifle;lightgaussrifle;islightgaussrifle
1057,HeavyGaussRifle,250,1250,ballistic;largeweapon;isgaussrifle;heavygaussrifle;isheavygaussrifle
1058,RotaryAutoCannon2,660,1320,ballistic;largeweapon;rotaryautocannon;rotaryautocannon2;isrotaryautocannon;isrotaryautocannon2
1059,RotaryAutoCannon5,450,900,ballistic;largeweapon;rotaryautocannon;rotaryautocannon5;isrotaryautocannon;isrotaryautocannon5
1060,LightMachineGun,360,540,ballistic;ismachinegun;lightmachinegun;islightmachinegun
1061,HeavyMachineGun,130,260,ballistic;ismachinegun;heavymachinegun;isheavymachinegun
1062,StreakSRM4,270,270,missile;missile4;streaksrm;streaksrm4;isstreaksrm;isstreaksrm4
1063,StreakSRM6,270,270,missile;missile6;streaksrm;streaksrm6;isstreaksrm;isstreaksrm6
1064,MRM10,550,550,missile;missile10;mrm;mrm10;ismrm;ismrm10
1065,MRM20,550,550,missile;missile20;mrm;mrm20;ismrm;ismrm20
1066,MRM30,550,550,missile;missile30;mrm;mrm30;ismrm;ismrm30
1067,MRM40,550,550,missile;missile40;mrm;mrm40;ismrm;ismrm40
1068,RocketLauncher10,500,500,missile;rocketlauncher;rocketlauncher10;rl;rl10;isrl;isrl10
1069,RocketLauncher15,500,500,missile;rocketlauncher;rocketlauncher15;rl;rl15;isrl;isrl15
1070,RocketLauncher20,500,500,missile;rocketlauncher;rocketlauncher20;rl;rl20;isrl;isrl20
1071,LaserAntiMissileSystem,175,225,isantimissilesystem;laserantimissilesystem;islaserantimissilesystem
1072,BinaryLaserCannon,480,960,energy;laser;stdlaser;largelaser;islaser;isstdlaser;islargelaserfamily;nonpulselaser;isnonpulselaser
1073,LargeXPulseLaser,450,900,energy;laser;largelaser;pulselaser;largepulselaser;islaser;islargelaserfamily;ispulselaser;islargepulselaser
1074,MediumXPulseLaser,270,540,energy;laser;mediumlaser;pulselaser;mediumpulselaser;islaser;ismediumlaserfamily;ispulselaser;ismediumpulselaser
1075,SmallXPulseLaser,160,320,energy;laser;smalllaser;pulselaser;smallpulselaser;islaser;issmalllaserfamily;ispulselaser;issmallpulselaser
1076,LightAutoCannon2,660,1320,ballistic;largeweapon;autocannon;ac;autocannon2;isautocannon;isac;isautocannon2;lightac
1077,LightAutoCannon5,450,900,ballistic;largeweapon;autocannon;ac;autocannon5;isautocannon;isac;isautocannon5;lightac
1078,Magshot,270,540,ballistic;autocannon;ac;isautocannon;isac;magshot;isgaussrifle
1079,SilverBulletGaussRifle,810,1620,ballistic;largeweapon;gaussrifle;isgaussrifle;silverbulletgaussrifle
1080,ThunderboltMissile1,630,630,missile;islrm;thunderbolt
1081,ThunderboltMissile2,630,630,missile;islrm;thunderbolt
1082,ThunderboltMissile3,630,630,missile;islrm;thunderbolt
1083,ThunderboltMissile4,630,630,missile;islrm;thunderbolt
1084,LightTAG,450,450,energy;laser;tag;islaser;istag
1085,RailGun,810,2050,ballistic;largeweapon
1086,ArrowIV,1500,1500,missile;arrowiv
1200,ClanLBXAutoCannon2,810,2025,ballistic;largeweapon;lbxautocannon;lbxautocannon2;clanlbxautocannon;clanlbxautocannon2
1201,ClanLBXAutoCannon5,620,1550,ballistic;largeweapon;lbxautocannon;lbxautocannon5;clanlbxautocannon;clanlbxautocannon5
1202,ClanLBXAutoCannon10,540,1080,ballistic;largeweapon;lbxautocannon;lbxautocannon10;clanlbxautocannon;clanlbxautocannon10
1203,ClanLBXAutoCannon20,360,720,ballistic;largeweapon;lbxautocannon;lbxautocannon20;clanlbxautocannon;clanlbxautocannon20
1204,ClanUltraAutoCannon2,810,1620,ballistic;largeweapon;ultraautocannon;ultraautocannon2;clanultraautocannon;clanultraautocannon2
1205,ClanUltraAutoCannon5,630,1260,ballistic;largeweapon;ultraautocannon;ultraautocannon5;clanultraautocannon;clanultraautocannon5
1206,ClanUltraAutoCannon10,540,1080,ballistic;largeweapon;ultraautocannon;ultraautocannon10;clanultraautocannon;clanultraautocannon10
1207,ClanUltraAutoCannon20,360,720,ballistic;largeweapon;ultraautocannon;ultraautocannon20;clanultraautocannon;clanultraautocannon20
1208,ClanGaussRifle,810,2050,ballistic;largeweapon;gaussrifle;clangaussrifle
1209,ClanMachineGun,130,260,ballistic;machinegun;clanmachinegun
1210,ClanFlamer,90,90,energy;flamer;clanflamer
1211,ClanERSmallLaser,200,400,energy;laser;smalllaser;erlaser;ersmalllaser;clanlaser;clansmalllaserfamily;clansmalllaser;clanerlaser;clanersmalllaser;nonpulselaser;clannonpulselaser
1212,ClanERMediumLaser,400,800,energy;laser;mediumlaser;erlaser;ermediumlaser;clanlaser;clanmediumlaserfamily;clanmediumlaser;clanerlaser;clanermediumlaser;nonpulselaser;clannonpulselaser
1213,ClanERLargeLaser,750,1500,energy;laser;largelaser;erlaser;erlargelaser;clanlaser;clanlargelaserfamily;clanlargelaser;clanerlaser;clanerlargelaser;nonpulselaser;clannonpulselaser;solarisrestricted
1214,ClanSmallPulseLaser,160,320,energy;laser;smalllaser;pulselaser;smallpulselaser;clanlaser;clansmalllaserfamily;clansmalllaser;clanpulselaser;clansmallpulselaser
1215,ClanMediumPulseLaser,300,600,energy;laser;mediumlaser;pulselaser;mediumpulselaser;clanlaser;clanmediumlaserfamily;clanmediumlaser;clanpulselaser;clanmediumpulselaser
1216,ClanLargePulseLsr,550,1100,energy;laser;largelaser;pulselaser;largepulselaser;clanlaser;clanlargelaserfamily;clanlargelaser;clanpulselaser;clanlargepulselsr;solarisrestricted
1217,ClanERPPC,810,1620,energy;largeweapon;ppc;erppc;clanppc;clanerppc;ppcfamily;solarisrestricted
1218,ClanLRM5,900,900,missile;missile5;lrm;lrm5;clanlrm;clanlrm5
1219,ClanLRM10,900,900,missile;missile10;lrm;lrm10;clanlrm;clanlrm10
1220,ClanLRM15,900,900,missile;missile15;lrm;lrm15;clanlrm;clanlrm15
1221,ClanLRM20,900,900,missile;missile20;lrm;lrm20;clanlrm;clanlrm20
1222,ClanLRM5_Artemis,900,900,missile;missile5;lrm;lrm5;lrm5_artemis;clanlrm;clanlrm5;clanlrm5_artemis
1223,ClanLRM10_Artemis,900,900,missile;missile10;lrm;lrm10;lrm10_artemis;clanlrm;clanlrm10;clanlrm10_artemis
1224,ClanLRM15_Artemis,900,900,missile;missile15;lrm;lrm15;lrm15_artemis;clanlrm;clanlrm15;clanlrm15_artemis
1225,ClanLRM20_Artemis,900,900,missile;missile20;lrm;lrm20;lrm20_artemis;clanlrm;clanlrm20;clanlrm20_artemis
1226,ClanSRM2,270,270,missile;missile2;srm;srm2;clansrm;clansrm2
1227,ClanSRM4,270,270,missile;missile4;srm;srm4;clansrm;clansrm4
1228,ClanSRM6,270,270,missile;missile6;srm;srm6;clansrm;clansrm6
1229,ClanSRM2_Artemis,270,270,missile;missile2;srm;srm2;srm_artemis;srm2_artemis;clansrm;clansrm2;clansrm_artemis;clansrm2_artemis
1230,ClanSRM4_Artemis,270,270,missile;missile4;srm;srm4;srm_artemis;srm4_artemis;clansrm;clansrm4;clansrm_artemis;clansrm4_artemis
1231,ClanSRM6_Artemis,270,270,missile;missile6;srm;srm6;srm_artemis;srm6_artemis;clansrm;clansrm6;clansrm_artemis;clansrm6_artemis
1232,ClanStreakSRM2,360,360,missile;missile2;streaksrm;streaksrm2;clanstreaksrm;clanstreaksrm2
1233,ClanStreakSRM4,360,360,missile;missile4;streaksrm;streaksrm4;clanstreaksrm;clanstreaksrm4
1234,ClanStreakSRM6,360,360,missile;missile6;streaksrm;streaksrm6;clanstreaksrm;clanstreaksrm6
1235,ClanNarcBeacon,600,600,missile;missile1;narcbeacon;clannarcbeacon
1236,ClanTAG,750,750,energy;laser;tag;clantag
1237,ClanAntiMissileSystem,190,275,antimissilesystem;clanantimissilesystem
1238,ClanAutoCannon2,900,1800,ballistic;largeweapon;autocannon;ac;autocannon2;clanautocannon;clanac;clanautocannon2
1239,ClanAutoCannon5,720,1440,ballistic;largeweapon;autocannon;ac;autocannon5;clanautocannon;clanac;clanautocannon5
1240,ClanAutoCannon10,540,1080,ballistic;largeweapon;autocannon;ac;autocannon10;clanautocannon;clanac;clanautocannon10
1241,ClanAutoCannon20,400,800,ballistic;largeweapon;autocannon;ac;autocannon20;clanautocannon;clanac;clanautocannon20
1242,ClanLightMachineGun,360,540,ballistic;lightmachinegun;clanmachinegun;clanlightmachinegun
1243,ClanHeavyMachineGun,120,240,ballistic;heavymachinegun;clanmachinegun;clanheavymachinegun
1244,ClanERMicroLaser,150,300,energy;laser;microlaser;erlaser;ermicrolaser;clanlaser;clanmicrolaserfamily;clanmicrolaser;clanerlaser;clanermicrolaser;nonpulselaser;clannonpulselaser
1245,ClanMicroPulseLaser,130,260,energy;laser;microlaser;pulselaser;micropulselaser;clanlaser;clanmicrolaserfamily;clanmicrolaser;clanpulselaser;clanmicropulselaser
1246,ClanHeavySmallLaser,130,260,energy;laser;smalllaser;heavylaser;heavysmalllaser;clanlaser;clansmalllaserfamily;clansmalllaser;clanheavylaser;clanheavysmalllaser;nonpulselaser;clannonpulselaser
1247,ClanHeavyMediumLaser,270,540,energy;laser;mediumlaser;heavylaser;heavymediumlaser;clanlaser;clanmediumlaserfamily;clanmediumlaser;clanheavylaser;clanheavymediumlaser;nonpulselaser;clannonpulselaser
1248,ClanHeavyLargeLsr,480,960,energy;laser;largelaser;heavylaser;heavylargelaser;clanlaser;clanlargelaserfamily;clanlargelaser;clanheavylaser;clanheavylargelsr;nonpulselaser;clannonpulselaser;solarisrestricted
1249,ClanATM3,600,1100,missile;missile3;atm;atm3;clanatm;clanatm3
1250,ClanATM6,600,1100,missile;missile6;atm;atm6;clanatm;clanatm6
1251,ClanATM9,600,1100,missile;missile9;atm;atm9;clanatm;clanatm9
1252,ClanATM12,600,1100,missile;missile12;atm;atm12;clanatm;clanatm12
1253,ClanLightTAG,450,450,energy;laser;tag;clantag;lighttag;clanlighttag
1254,ClanLaserAntiMissileSystem,175,225,clanantimissilesystem;laserantimissilesystem;clanlaserantimissilesystem
1255,ClanHyperAssaultGaussRifle20,810,1620,ballistic;largeweapon;clangaussrifle
1256,ClanHyperAssaultGaussRifle30,810,1620,ballistic;largeweapon;clangaussrifle
1257,ClanHyperAssaultGaussRifle40,810,1620,ballistic;largeweapon;clangaussrifle
1258,ClanProtoAutocannon2,600,1200,ballistic;largeweapon;autocannon;ac;autocannon2;clanautocannon;clanac;clanautocannon2;protoac
1259,ClanProtoAutocannon4,540,1080,ballistic;largeweapon;autocannon;ac;autocannon5;clanautocannon;clanac;clanautocannon5;protoac
1260,ClanProtoAutocannon8,360,720,ballistic;largeweapon;autocannon;ac;clanautocannon;clanac;clanautocannon10;protoac
1261,ClanAPGauss,270,540,ballistic;magshot;autocannon;ac;clanautocannon;clanac;apgauss;clangaussrifle
1262,ClanBeamLaser,600,900,energy;laser;largelaser;clanlaser;clanlargelaserfamily;clanlargelaser;nonpulselaser;clannonpulselaser;clanbeamlaser
1263,ClanPlasmaPPC,540,1080,energy;largeweapon;islightppc;ppc;erppc;clanppc;clanerppc;ppcfamily;solarisrestricted
1264,NobleAutoCannon20,300,600,ballistic;largeweapon;autocannon;ac;autocannon20;clanautocannon;clanac;clanautocannon20
1265,ClanRailGun,810,2050,ballistic;largeweapon
1266,ClanArrowIV,1500,1500,missile;clanarrowiv
1998,DropShipLargePulseLaser,300,300,energy;laser;largelaser;pulselaser;largepulselaser;islaser;islargelaserfamily;ispulselaser;islargepulselaser
1999,FakeMachineGun,120,240,ballistic;machinegun;ismachinegun
